,availableBikes,availableDocks,latitude,longitude,station_id,statusKey,statusValue,testStation,totalDocks
0,12,24,40.76727216,-73.99392888,72,1,In Service,False,39
1,0,33,40.71911552,-74.00666661,79,1,In Service,False,33
2,22,4,40.71117416,-74.00016545,82,3,Not In Service,False,27
3,7,52,40.68382604,-73.97632328,83,1,In Service,False,62
4,15,3,40.69608941,-73.97803415,119,1,In Service,False,19
5,2,16,40.68676793,-73.95928168,120,1,In Service,False,19
6,10,21,40.73172428,-74.00674436,127,1,In Service,False,31
7,18,9,40.72710258,-74.00297088,128,1,In Service,False,30
8,9,14,40.69239502,-73.99337909,143,1,In Service,False,24
9,10,8,40.69839895,-73.98068914,144,1,In Service,False,19
10,17,20,40.71625008,-74.0091059,146,1,In Service,False,39
11,13,14,40.7208736,-73.98085795,150,1,In Service,False,29
12,26,6,40.722103786686034,-73.99724900722504,151,1,In Service,False,33
13,0,2,40.71473993,-74.00910627,152,3,Not In Service,False,2
14,21,0,40.69089272,-73.99612349,157,1,In Service,False,23
15,6,41,40.75323098,-73.97032517,164,1,In Service,False,47
16,0,45,40.7489006,-73.97604882,167,1,In Service,False,45
17,27,19,40.73971301,-73.99456405,168,1,In Service,False,47
18,6,39,40.76068327096592,-73.9845272898674,173,1,In Service,False,51
19,1,27,40.7381765,-73.97738662,174,1,In Service,False,30
20,11,34,40.70905623,-74.01043382,195,1,In Service,False,45
21,15,12,40.74334935,-74.00681753,212,1,In Service,False,28
22,11,12,40.70037867,-73.99548059,216,1,In Service,False,23
23,35,3,40.70277159,-73.99383605,217,1,In Service,False,39
24,1,28,40.73781509,-73.99994661,223,1,In Service,False,33
25,8,46,40.7546011026,-73.971878855,228,1,In Service,False,55
26,8,15,40.72743423,-73.99379025,229,1,In Service,False,23
27,13,7,40.69597683,-73.99014892,232,1,In Service,False,23
28,28,8,40.7284186,-73.98713956,236,1,In Service,False,39
29,28,7,40.73047309,-73.98672378,237,1,In Service,False,39
30,7,24,40.7361967,-74.00859207,238,1,In Service,False,31
31,11,18,40.69196566,-73.9813018,239,1,In Service,False,31
32,1,21,40.68981035,-73.97493121,241,1,In Service,False,23
33,21,1,40.697787,-73.973736,242,1,In Service,False,23
34,26,5,40.688226,-73.979382,243,1,In Service,False,31
35,1,29,40.69196035,-73.96536851,244,1,In Service,False,31
36,20,3,40.69327018,-73.97703874,245,1,In Service,False,23
37,4,16,40.73535398,-74.00483091,247,1,In Service,False,20
38,6,17,40.72185379,-74.00771779,248,1,In Service,False,23
39,3,22,40.71870987,-74.0090009,249,1,In Service,False,27
40,11,16,40.72317958,-73.99480012,251,1,In Service,False,27
41,5,26,40.73226398,-73.99852205,252,1,In Service,False,33
42,1,3,40.73543934,-73.99453948,253,3,Not In Service,False,4
43,1,28,40.73532427,-73.99800419,254,1,In Service,False,31
44,13,25,40.71939226,-74.00247214,257,1,In Service,False,39
45,11,12,40.68940747,-73.96885458,258,1,In Service,False,23
46,0,38,40.70122128,-74.01234218,259,1,In Service,False,39
47,1,34,40.70365182,-74.01167797,260,1,In Service,False,35
48,20,5,40.69474881,-73.98362464,261,1,In Service,False,27
49,4,18,40.6917823,-73.9737299,262,1,In Service,False,24
50,13,14,40.70706456,-74.00731853,264,1,In Service,False,27
51,27,7,40.72229346,-73.99147535,265,1,In Service,False,35
52,1,23,40.72368361,-73.97574813,266,1,In Service,False,24
53,6,50,40.75097711,-73.98765428,267,1,In Service,False,57
54,5,22,40.71910537,-73.99973337,268,1,In Service,False,27
55,11,12,40.69308257,-73.97178913,270,1,In Service,False,23
56,8,21,40.68691865,-73.976682,274,1,In Service,False,31
57,6,13,40.68650065,-73.96563307,275,1,In Service,False,19
58,16,9,40.71748752,-74.0104554,276,1,In Service,False,25
59,4,14,40.69766564,-73.98476437,278,1,In Service,False,19
60,9,26,40.707873,-74.00167,279,1,In Service,False,36
61,0,30,40.73331967,-73.99510132,280,3,Not In Service,False,31
62,28,24,40.7643971,-73.97371465,281,1,In Service,False,57
63,26,0,40.707644944175705,-73.96841526031494,282,1,In Service,False,27
64,23,27,40.73454567,-73.99074142,285,1,In Service,False,51
65,9,9,40.6845683,-73.95881081,289,1,In Service,False,19
66,6,13,40.713126,-73.984844,291,1,In Service,False,20
67,17,37,40.73020660529954,-73.99102628231049,293,1,In Service,False,55
68,21,2,40.71406667,-73.99293911,295,1,In Service,False,24
69,11,24,40.71413089,-73.9970468,296,1,In Service,False,35
70,7,18,40.734232,-73.986923,297,1,In Service,False,27
71,33,2,40.68683208,-73.9796772,298,1,In Service,False,35
72,7,29,40.72217444,-73.98368779,301,1,In Service,False,37
73,2,20,40.72082834,-73.97793172,302,1,In Service,False,23
74,30,1,40.72362738,-73.99949601,303,1,In Service,False,31
75,7,24,40.70463334,-74.01361706,304,1,In Service,False,33
76,2,31,40.76095756,-73.96724467,305,1,In Service,False,33
77,9,20,40.71427487,-73.98990025,307,1,In Service,False,30
78,4,23,40.71307916,-73.99851193,308,1,In Service,False,27
79,19,19,40.7149787,-74.013012,309,1,In Service,False,41
80,31,4,40.68926942,-73.98912867,310,1,In Service,False,36
81,0,30,40.7172274,-73.98802084,311,1,In Service,False,31
82,2,29,40.722055,-73.989111,312,1,In Service,False,31
83,17,6,40.69610226,-73.96751037,313,1,In Service,False,23
84,19,20,40.69383,-73.990539,314,1,In Service,False,39
85,24,5,40.70355377,-74.00670227,315,1,In Service,False,29
86,8,31,40.70955958,-74.00653609,316,1,In Service,False,43
87,21,6,40.72453734,-73.98185424,317,1,In Service,False,27
88,6,27,40.711066,-74.009447,319,1,In Service,False,33
89,2,24,40.717571,-74.005549,320,1,In Service,False,27
90,15,12,40.69991755,-73.98971773,321,1,In Service,False,27
91,5,26,40.696192,-73.991218,322,1,In Service,False,31
92,13,26,40.69236178,-73.98631746,323,1,In Service,False,39
93,19,32,40.689888,-73.981013,324,1,In Service,False,51
94,4,29,40.73624527,-73.98473765,325,1,In Service,False,35
95,5,22,40.72953837,-73.98426726,326,1,In Service,False,27
96,21,18,40.7153379,-74.01658354,327,1,In Service,False,39
97,2,21,40.72405549,-74.00965965,328,1,In Service,False,23
98,4,35,40.71450451,-74.00562789,330,1,In Service,False,39
99,8,16,40.71173107,-73.99193043,331,1,In Service,False,27
100,6,15,40.71219906,-73.97948148,332,1,In Service,False,24
101,9,20,40.74238787,-73.99726235,334,1,In Service,False,31
102,1,26,40.72903917,-73.99404649,335,1,In Service,False,27
103,26,9,40.73047747,-73.99906065,336,1,In Service,False,36
104,2,35,40.7037992,-74.00838676,337,1,In Service,False,37
105,3,21,40.72580614,-73.97422494,339,1,In Service,False,24
106,3,22,40.71269042,-73.98776323,340,1,In Service,False,27
107,9,9,40.71782143,-73.97628939,341,1,In Service,False,19
108,5,24,40.71739973,-73.98016555,342,1,In Service,False,29
109,17,5,40.69794,-73.96986848,343,1,In Service,False,23
110,10,12,40.6851443,-73.95380904,344,1,In Service,False,23
111,7,28,40.73649403,-73.99704374,345,1,In Service,False,35
112,2,24,40.73652889,-74.00618026,346,1,In Service,False,27
113,19,14,40.728846,-74.008591,347,1,In Service,False,35
114,5,18,40.71850211,-73.98329859,349,1,In Service,False,23
115,3,23,40.71559509,-73.9870295,350,1,In Service,False,28
116,12,27,40.70530954,-74.00612572,351,1,In Service,False,39
117,15,11,40.68539567,-73.97431458,353,1,In Service,False,27
118,4,17,40.69363137,-73.96223558,354,1,In Service,False,23
119,10,32,40.71602118,-73.99974372,355,1,In Service,False,43
120,6,16,40.71622644,-73.98261206,356,1,In Service,False,23
121,8,17,40.73261787,-73.99158043,357,1,In Service,False,27
122,18,18,40.73291553,-74.00711384,358,1,In Service,False,36
123,0,52,40.75510267,-73.97498696,359,1,In Service,False,53
124,3,35,40.70717936,-74.00887308,360,1,In Service,False,39
125,8,34,40.71605866,-73.99190759,361,1,In Service,False,43
126,7,50,40.75172632,-73.98753523,362,3,Not In Service,False,57
127,31,13,40.70834698,-74.01713445,363,1,In Service,False,49
128,0,25,40.68900443,-73.96023854,364,1,In Service,False,27
129,9,21,40.68223166,-73.9614583,365,1,In Service,False,31
130,22,10,40.693261,-73.968896,366,1,In Service,False,33
131,3,36,40.73038599,-74.00214988,368,1,In Service,False,39
132,0,35,40.73224119,-74.00026394,369,1,In Service,False,35
133,11,16,40.694546087246025,-73.95801365375519,372,1,In Service,False,27
134,2,17,40.69331716,-73.95381995,373,1,In Service,False,19
135,28,15,40.70862144,-74.00722156,376,1,In Service,False,43
136,8,37,40.72243797,-74.00566443,377,1,In Service,False,45
137,0,42,40.749156,-73.9916,379,1,In Service,False,42
138,5,30,40.73401143,-74.00293877,380,1,In Service,False,39
139,32,3,40.73492695,-73.99200509,382,1,In Service,False,36
140,6,30,40.735238,-74.000271,383,1,In Service,False,39
141,13,27,40.71494807,-74.00234482,386,1,In Service,False,43
142,11,27,40.71273266,-74.0046073,387,1,In Service,False,39
143,7,27,40.749717753,-74.002950346,388,1,In Service,False,35
144,16,9,40.71044554,-73.96525063,389,1,In Service,False,27
145,11,19,40.69221589,-73.9842844,390,1,In Service,False,31
146,3,28,40.69760127,-73.99344559,391,1,In Service,False,31
147,28,7,40.695065,-73.987167,392,1,In Service,False,35
148,1,30,40.72299208,-73.97995466,393,1,In Service,False,31
149,4,26,40.72521311,-73.97768752,394,1,In Service,False,32
150,16,7,40.680342423,-73.9557689392,396,1,In Service,False,25
151,6,20,40.68415748,-73.96922273,397,1,In Service,False,27
152,8,22,40.69165183,-73.9999786,398,1,In Service,False,31
153,19,8,40.68851534,-73.9647628,399,1,In Service,False,27
154,0,15,40.71926081,-73.98178024,400,1,In Service,False,15
155,6,34,40.72019576,-73.98997825,401,1,In Service,False,42
156,9,29,40.7403432,-73.98955109,402,1,In Service,False,39
157,11,18,40.72502876,-73.99069656,403,1,In Service,False,31
158,12,26,40.739323,-74.008119,405,1,In Service,False,40
159,0,34,40.69512845,-73.99595065,406,1,In Service,False,34
160,22,14,40.700469,-73.991454,407,3,Not In Service,False,37
161,6,16,40.71076228,-73.99400398,408,1,In Service,False,23
162,0,19,40.6906495,-73.95643107,409,1,In Service,False,19
163,16,17,40.72066442,-73.98517977,410,1,In Service,False,35
164,8,13,40.72228087,-73.97668709,411,1,In Service,False,23
165,21,6,40.7158155,-73.99422366,412,1,In Service,False,29
166,24,0,40.70281858,-73.98765762,414,1,In Service,False,24
167,3,38,40.7047177,-74.00926027,415,1,In Service,False,42
168,6,24,40.68753406,-73.97265183,416,1,In Service,False,31
169,4,19,40.71291224,-74.01020234,417,1,In Service,False,23
170,22,0,40.70224,-73.982578,418,1,In Service,False,23
171,17,6,40.69580705,-73.97355569,419,1,In Service,False,23
172,19,4,40.68764484,-73.96968902,420,1,In Service,False,23
173,9,10,40.69573398,-73.97129668,421,1,In Service,False,19
174,3,50,40.770513,-73.988038,422,1,In Service,False,55
175,0,24,40.76584941,-73.98690506,423,1,In Service,False,27
176,25,2,40.71754834,-74.01322069,426,1,In Service,False,29
177,20,27,40.701907,-74.013942,427,1,In Service,False,47
178,18,12,40.72621788,-73.98379855,432,1,In Service,False,31
179,9,28,40.72955361,-73.98057249,433,1,In Service,False,39
180,1,43,40.74173969,-73.99415556,435,1,In Service,False,47
181,5,22,40.68216564,-73.95399026,436,1,In Service,False,27
182,2,21,40.6809833854,-73.9500479759,437,1,In Service,False,24
183,16,24,40.72779126,-73.98564945,438,1,In Service,False,41
184,0,31,40.75255434,-73.97282625,440,1,In Service,False,32
185,10,24,40.756014,-73.967416,441,1,In Service,False,35
186,4,47,40.746647,-73.993915,442,1,In Service,False,51
187,11,12,40.70853074,-73.96408963,443,1,In Service,False,23
188,24,25,40.72740794,-73.98142006,445,1,In Service,False,52
189,7,31,40.74487634,-73.99529885,446,1,In Service,False,39
190,2,20,40.76370739,-73.9851615,447,1,In Service,False,23
191,2,28,40.75660359,-73.9979009,448,1,In Service,False,31
192,11,48,40.76227205,-73.98788205,450,1,In Service,False,59
193,5,32,40.74475148,-73.99915362,453,1,In Service,False,39
194,4,31,40.75455731,-73.96592976,454,1,In Service,False,35
195,5,32,40.75001986,-73.96905301,455,1,In Service,False,39
196,5,28,40.7597108,-73.97402311,456,1,In Service,False,35
197,21,16,40.76695317,-73.98169333,457,1,In Service,False,39
198,19,5,40.751396,-74.005226,458,1,In Service,False,31
199,37,9,40.746745,-74.007756,459,1,In Service,False,49
200,9,12,40.71285887,-73.96590294,460,1,In Service,False,23
201,7,32,40.73587678,-73.98205027,461,1,In Service,False,39
202,21,25,40.74691959,-74.00451887,462,1,In Service,False,47
203,11,20,40.75513557,-73.98658032,465,1,In Service,False,39
204,13,20,40.74395411,-73.99144871,466,1,In Service,False,35
205,6,27,40.68312489,-73.97895137,467,1,In Service,False,34
206,2,45,40.7652654,-73.98192338,468,1,In Service,False,49
207,4,52,40.76344058,-73.98268129,469,1,In Service,False,57
208,4,34,40.74345335,-74.00004031,470,1,In Service,False,38
209,22,8,40.71286844,-73.95698119,471,1,In Service,False,31
210,1,40,40.7457121,-73.98194829,472,1,In Service,False,41
211,6,32,40.72110063,-73.9919254,473,1,In Service,False,38
212,9,38,40.7451677,-73.98683077,474,1,In Service,False,47
213,3,44,40.74394314,-73.97966069,476,1,In Service,False,47
214,1,58,40.75640548,-73.9900262,477,1,In Service,False,59
215,0,30,40.76030096,-73.99884222,478,1,In Service,False,31
216,5,26,40.76019252,-73.9912551,479,1,In Service,False,31
217,2,25,40.76669671,-73.99061728,480,1,In Service,False,27
218,25,0,40.71260486,-73.96264403,481,1,In Service,False,25
219,5,33,40.73935542,-73.99931783,482,1,In Service,False,39
220,0,35,40.73223272,-73.98889957,483,3,Not In Service,False,35
221,3,41,40.75500254,-73.98014437,484,1,In Service,False,44
222,4,35,40.75038009,-73.98338988,485,1,In Service,False,39
223,1,38,40.7462009,-73.98855723,486,1,In Service,False,39
224,6,29,40.73314259,-73.97573881,487,1,In Service,False,36
225,0,58,40.751551,-73.993934,490,1,In Service,False,59
226,1,48,40.74096374,-73.98602213,491,1,In Service,False,51
227,1,60,40.75019995,-73.99093085,492,1,In Service,False,61
228,7,28,40.74734825,-73.99723551,494,1,In Service,False,35
229,1,24,40.76269882,-73.99301222,495,1,In Service,False,25
230,22,20,40.73726186,-73.99238967,496,1,In Service,False,47
231,3,51,40.73704984,-73.99009296,497,1,In Service,False,59
232,0,29,40.74854862,-73.98808416,498,1,In Service,False,30
233,29,5,40.76915505,-73.98191841,499,1,In Service,False,36
234,1,46,40.76228826,-73.98336183,500,1,In Service,False,52
235,7,32,40.744219,-73.97121214,501,1,In Service,False,43
236,3,26,40.714215,-73.981346,502,1,In Service,False,30
237,9,19,40.73827428,-73.98751968,503,3,Not In Service,False,29
238,8,36,40.73221853,-73.98165557,504,1,In Service,False,45
239,11,24,40.74901271,-73.98848395,505,1,In Service,False,36
240,7,35,40.73912601,-73.97973776,507,1,In Service,False,45
241,3,21,40.76341379,-73.99667444,508,1,In Service,False,24
242,15,19,40.7454973,-74.00197139,509,1,In Service,False,36
243,3,24,40.768254,-73.988639,513,1,In Service,False,27
244,13,37,40.76087502,-74.00277668,514,1,In Service,False,52
245,6,29,40.76009437,-73.99461843,515,1,In Service,False,35
246,5,26,40.75206862,-73.96784384,516,1,In Service,False,31
247,1,58,40.751581,-73.97791,517,1,In Service,False,59
248,1,37,40.74780373,-73.9734419,518,1,In Service,False,39
249,0,59,40.751873,-73.977706,519,1,In Service,False,61
250,1,38,40.75992262,-73.97648516,520,1,In Service,False,39
251,1,50,40.75714758,-73.97207836,522,1,In Service,False,51
252,6,45,40.75466591,-73.99138152,523,1,In Service,False,51
253,5,51,40.75527307,-73.98316936,524,1,In Service,False,57
254,0,38,40.75594159,-74.0021163,525,1,In Service,False,39
255,8,30,40.74765947,-73.98490707,526,1,In Service,False,39
256,1,37,40.74290902,-73.97706058,528,1,In Service,False,39
257,0,40,40.7575699,-73.99098507,529,1,In Service,False,41
258,20,3,40.771522,-73.990541,530,1,In Service,False,24
259,3,36,40.71893904,-73.99266288,531,1,In Service,False,39
260,36,5,40.710451,-73.960876,532,1,In Service,False,43
261,0,42,40.75299641,-73.98721619,533,1,In Service,False,45
262,10,21,40.70255065,-74.0127234,534,1,In Service,False,31
263,6,22,40.74144387,-73.97536082,536,1,In Service,False,29
264,8,13,40.74025878,-73.98409214,537,1,In Service,False,21
265,27,2,40.71534825,-73.96024116,539,1,In Service,False,31
266,0,30,40.74311555376486,-73.98215353488922,540,1,In Service,False,30
267,2,25,40.736502,-73.97809472,545,1,In Service,False,27
268,4,34,40.74444921,-73.98303529,546,1,In Service,False,38
269,13,14,40.70255088,-73.98940236,2000,1,In Service,False,30
270,0,0,40.699773,-73.979927,2001,3,Not In Service,False,0
271,14,12,40.716887,-73.963198,2002,1,In Service,False,27
272,1,36,40.733812191966315,-73.98054420948029,2003,1,In Service,False,39
273,5,7,40.70531194,-73.97100056,2005,1,In Service,False,12
274,44,4,40.76590936,-73.97634151,2006,1,In Service,False,49
275,4,19,40.70569254,-74.01677685,2008,1,In Service,False,24
276,7,27,40.71117444,-73.99682619,2009,1,In Service,False,35
277,0,33,40.72165481,-74.00234737,2010,1,In Service,False,39
278,2,33,40.739445,-73.976806,2012,1,In Service,False,36
279,4,38,40.75929124,-73.98859651,2021,1,In Service,False,43
280,13,20,40.759107,-73.959223,2022,1,In Service,False,33
281,0,36,40.75968085,-73.97031366,2023,1,In Service,False,36
282,21,1,40.711512,-74.015756,3002,1,In Service,False,25
283,18,25,40.72036775298455,-73.96165072917938,3016,1,In Service,False,47
284,4,19,40.67890679,-73.94142771,3041,1,In Service,False,24
285,18,0,40.6794268,-73.9298911,3042,1,In Service,False,19
286,14,5,40.6814598,-73.934903,3043,1,In Service,False,19
287,23,3,40.6800105,-73.938475,3044,1,In Service,False,27
288,2,16,40.682601,-73.938037,3046,1,In Service,False,19
289,11,9,40.6823687,-73.944118,3047,1,In Service,False,21
290,15,4,40.68402,-73.94977,3048,1,In Service,False,19
291,6,11,40.68488,-73.96304,3049,1,In Service,False,18
292,14,7,40.6851532,-73.94111,3050,1,In Service,False,21
293,1,22,40.686312,-73.935775,3052,1,In Service,False,23
294,1,20,40.6900815,-73.947915,3053,1,In Service,False,23
295,1,18,40.6894932,-73.942061,3054,1,In Service,False,19
296,1,21,40.6883337,-73.950916,3055,1,In Service,False,23
297,1,22,40.69072549,-73.95133465,3056,1,In Service,False,23
298,3,15,40.69128258,-73.9452416,3057,1,In Service,False,18
299,0,22,40.69237074,-73.93705428,3058,1,In Service,False,24
300,10,9,40.6933982,-73.939877,3059,1,In Service,False,19
301,2,15,40.69425403,-73.94626915,3060,1,In Service,False,19
302,12,9,40.69622937,-73.94371094,3061,1,In Service,False,21
303,1,22,40.69539817,-73.94954908,3062,1,In Service,False,23
304,10,9,40.69527008,-73.95238108,3063,1,In Service,False,20
305,14,9,40.69681963,-73.93756926,3064,1,In Service,False,23
306,14,13,40.70029511,-73.95032283,3065,1,In Service,False,27
307,18,1,40.69957608,-73.94708417,3066,1,In Service,False,19
308,25,2,40.7016657,-73.9437303,3067,1,In Service,False,27
309,21,3,40.7031724,-73.940636,3068,1,In Service,False,24
310,22,3,40.70411791,-73.94818595,3069,1,In Service,False,25
311,19,3,40.70510918,-73.94407279,3070,1,In Service,False,23
312,5,13,40.70538077,-73.94976519,3071,1,In Service,False,19
313,22,0,40.70583339,-73.94644578,3072,1,In Service,False,24
314,0,0,40.70691254,-73.95441667,3073,3,Not In Service,False,0
315,0,2,40.70767788,-73.94016171,3074,3,Not In Service,False,2
316,8,25,40.70708701,-73.95796783,3075,1,In Service,False,33
317,18,5,40.70870368,-73.9448625,3076,1,In Service,False,24
318,15,17,40.70877084,-73.95095259,3077,1,In Service,False,33
319,3,24,40.70924826276157,-73.96063148975372,3078,1,In Service,False,27
320,5,16,40.70934,-73.95608,3080,1,In Service,False,21
321,7,14,40.711863,-73.944024,3081,1,In Service,False,23
322,5,20,40.71167351,-73.95141312,3082,1,In Service,False,25
323,25,5,40.71247661,-73.94100005,3083,1,In Service,False,30
324,0,0,40.71469,-73.95739,3085,3,Not In Service,False,0
325,3,21,40.715143,-73.944507,3086,1,In Service,False,25
326,5,24,40.71413311,-73.95234386,3087,1,In Service,False,30
327,5,14,40.7160751,-73.952029,3088,1,In Service,False,19
328,14,16,40.71774592,-73.95600096,3090,1,In Service,False,31
329,4,27,40.71764,-73.94882,3091,1,In Service,False,31
330,5,21,40.7190095,-73.95852515,3092,1,In Service,False,27
331,16,12,40.71745169,-73.95850939,3093,1,In Service,False,28
332,13,5,40.7169811,-73.94485918,3094,3,Not In Service,False,18
333,3,19,40.71929301,-73.94500379,3095,1,In Service,False,23
334,23,15,40.71924,-73.95242,3096,1,In Service,False,39
335,19,18,40.724812564400175,-73.94752621650696,3100,1,In Service,False,39
336,7,18,40.72079821,-73.95484712,3101,1,In Service,False,27
337,8,17,40.72179134,-73.9504154,3102,1,In Service,False,27
338,8,16,40.724055,-73.955736,3105,1,In Service,False,24
339,4,15,40.72325,-73.94308,3106,1,In Service,False,19
340,6,30,40.72311651,-73.95212324,3107,1,In Service,False,39
341,8,16,40.72557,-73.94434,3108,1,In Service,False,24
342,12,19,40.72606,-73.95621,3109,1,In Service,False,31
343,14,11,40.72708584,-73.95299117,3110,1,In Service,False,27
344,19,14,40.72906,-73.95779,3112,1,In Service,False,33
345,6,18,40.73026,-73.95394,3113,1,In Service,False,27
346,3,29,40.73232194,-73.9550858,3115,1,In Service,False,34
347,11,33,40.73266,-73.95826,3116,1,In Service,False,45
348,16,11,40.73564,-73.95866,3117,1,In Service,False,27
349,5,25,40.73555,-73.95284,3118,1,In Service,False,30
350,4,41,40.74232744,-73.95411749,3119,1,In Service,False,45
351,15,5,40.74161,-73.96044,3120,1,In Service,False,20
352,0,26,40.74524768,-73.94733276,3121,1,In Service,False,27
353,9,22,40.744363287066875,-73.9558732509613,3122,1,In Service,False,31
354,7,20,40.74469738,-73.93540375,3123,1,In Service,False,27
355,6,21,40.74731,-73.95451,3124,1,In Service,False,27
356,2,21,40.74708586,-73.94977234,3125,1,In Service,False,23
357,1,33,40.74718234,-73.9432635,3126,1,In Service,False,34
358,15,20,40.74966,-73.9521,3127,1,In Service,False,35
359,2,21,40.75052534,-73.94594845,3128,1,In Service,False,23
360,1,30,40.75110165,-73.94073717,3129,1,In Service,False,31
361,4,27,40.75325964,-73.94335788,3130,1,In Service,False,31
362,6,24,40.76712840349542,-73.96224617958069,3131,1,In Service,False,31
363,1,34,40.76350532,-73.97109243,3132,1,In Service,False,35
364,2,49,40.76312584,-73.96526895,3134,1,In Service,False,51
365,5,36,40.77112927,-73.95772297,3135,1,In Service,False,41
366,33,13,40.766368,-73.971518,3136,1,In Service,False,47
367,26,1,40.77282817,-73.96685276,3137,1,In Service,False,31
368,10,31,40.77118287540658,-73.96409422159195,3139,1,In Service,False,43
369,4,50,40.77140426,-73.9535166,3140,1,In Service,False,55
370,5,52,40.76500525,-73.95818491,3141,1,In Service,False,59
371,9,32,40.7612274,-73.96094022,3142,1,In Service,False,41
372,7,38,40.77632142182271,-73.96427392959595,3143,1,In Service,False,47
373,1,45,40.77677702,-73.9590097,3144,1,In Service,False,46
374,3,39,40.77862688,-73.95772073,3145,1,In Service,False,45
375,7,40,40.77573034,-73.9567526,3146,1,In Service,False,47
376,6,32,40.77801203,-73.95407149,3147,1,In Service,False,39
377,0,31,40.77565541,-73.95068615,3148,1,In Service,False,31
378,7,40,40.77536905,-73.94803392,3150,1,In Service,False,47
379,1,42,40.7728384,-73.94989233,3151,1,In Service,False,43
380,2,39,40.76873687,-73.96119945,3152,1,In Service,False,41
381,7,27,40.76817546742245,-73.95910263061523,3153,1,In Service,False,37
382,0,39,40.76440023,-73.96648977,3155,1,In Service,False,39
383,8,29,40.76663814,-73.95348296,3156,1,In Service,False,37
384,11,16,40.77518615,-73.94446054,3157,1,In Service,False,27
385,4,25,40.77163851,-73.98261428,3158,1,In Service,False,31
386,24,6,40.77492513,-73.98266566,3159,1,In Service,False,31
387,3,36,40.77896784,-73.97374737,3160,1,In Service,False,39
388,7,49,40.7801839724239,-73.97728532552719,3161,1,In Service,False,59
389,6,33,40.78339981,-73.98093133,3162,1,In Service,False,39
390,15,26,40.7734066,-73.97782542,3163,1,In Service,False,43
391,45,21,40.7770575,-73.97898475,3164,1,In Service,False,67
392,38,7,40.77579376683666,-73.9762057363987,3165,1,In Service,False,51
393,15,21,40.78057799010334,-73.98562431335449,3166,1,In Service,False,41
394,17,21,40.77966809007312,-73.98093044757842,3167,1,In Service,False,55
395,14,10,40.78472675,-73.96961715,3168,1,In Service,False,31
396,13,25,40.78720869,-73.98128127,3169,1,In Service,False,39
397,14,19,40.78499979,-73.97283406,3170,1,In Service,False,35
398,3,34,40.78524672,-73.97667321,3171,1,In Service,False,39
399,0,27,40.7785669,-73.97754961,3172,3,Not In Service,False,27
400,33,4,40.777507027547976,-73.98888587951659,3173,1,In Service,False,39
401,0,30,40.77748046,-73.98288594,3175,1,In Service,False,31
402,4,59,40.7867947,-73.977112,3177,1,In Service,False,63
403,27,12,40.78414472,-73.98362492,3178,1,In Service,False,39
404,22,1,40.698617,-73.941342,3179,1,In Service,False,23
405,26,3,40.69878,-73.99712,3180,1,In Service,False,31
406,11,30,40.686931,-74.016966,3182,1,In Service,False,42
407,3,27,40.7162469,-74.0334588,3183,1,In Service,False,30
408,8,6,40.7141454,-74.0335519,3184,1,In Service,False,14
409,8,14,40.7177325,-74.043845,3185,1,In Service,False,22
410,5,36,40.71958611647166,-74.04311746358871,3186,1,In Service,False,42
411,10,11,40.7211236,-74.03805095,3187,1,In Service,False,22
412,13,5,40.7182113,-74.0836394,3191,1,In Service,False,18
413,11,11,40.7112423,-74.0557013,3192,1,In Service,False,22
414,11,7,40.7246050998869,-74.07840594649315,3193,1,In Service,False,18
415,5,16,40.7253399253558,-74.06762212514877,3194,1,In Service,False,22
416,3,35,40.73074262530658,-74.06378388404846,3195,1,In Service,False,38
417,9,9,40.7443187,-74.0439909,3196,1,In Service,False,18
418,6,12,40.748715945380226,-74.04044330120087,3198,1,In Service,False,18
419,2,12,40.7287448,-74.0321082,3199,1,In Service,False,14
420,9,9,40.737711,-74.066921,3201,1,In Service,False,18
421,14,4,40.7272235,-74.0337589,3202,1,In Service,False,18
422,5,19,40.727595966,-74.044247311,3203,1,In Service,False,26
423,15,7,40.71653978099194,-74.0496379137039,3205,1,In Service,False,22
424,14,12,40.7311689,-74.0575736,3206,1,In Service,False,26
425,11,15,40.7376037,-74.0524783,3207,1,In Service,False,26
426,13,9,40.7241765,-74.0506564,3209,1,In Service,False,22
427,7,11,40.742677141,-74.051788633,3210,1,In Service,False,18
428,14,6,40.72152515,-74.046304543,3211,1,In Service,False,22
429,14,8,40.734785818,-74.050443636,3212,1,In Service,False,22
430,3,19,40.71848892,-74.047726625,3213,1,In Service,False,22
431,6,16,40.7127742,-74.0364857,3214,1,In Service,False,22
432,10,8,40.734961020009514,-74.0595030784607,3220,1,In Service,False,18
433,6,21,40.743,-73.93561,3221,1,In Service,False,27
434,5,48,40.758996559605116,-73.96865397691727,3223,1,In Service,False,53
435,10,4,40.7236589,-74.0641943,3225,1,In Service,False,14
436,9,36,40.78275,-73.97137,3226,1,In Service,False,45
437,2,37,40.76780080148132,-73.96592080593109,3231,1,In Service,False,39
438,22,8,40.68962188790333,-73.98304268717766,3232,1,In Service,False,31
439,2,37,40.75724567911726,-73.97805914282799,3233,1,In Service,False,39
440,0,30,40.752165280621966,-73.97992193698882,3235,1,In Service,False,31
441,11,21,40.75898481399634,-73.99379968643188,3236,1,In Service,False,33
442,2,17,40.686203,-73.944694,3241,1,In Service,False,19
443,20,19,40.69102925677968,-73.99183362722397,3242,1,In Service,False,39
444,2,27,40.75892386377695,-73.96226227283478,3243,1,In Service,False,29
445,0,31,40.73143724085228,-73.99490341544151,3244,3,Not In Service,False,31
446,2,17,40.6803560840434,-73.9476791024208,3249,1,In Service,False,19
447,22,5,40.69231660719192,-74.01486575603485,3254,1,In Service,False,29
448,4,14,40.7505853470215,-73.9946848154068,3255,1,In Service,False,19
449,16,0,40.7277140777778,-74.01129573583603,3256,1,In Service,False,22
450,1,36,40.75018156325683,-74.00218427181244,3258,1,In Service,False,37
451,6,21,40.74937024193277,-73.99923384189606,3259,1,In Service,False,27
452,14,15,40.72706363348306,-73.99662137031554,3260,1,In Service,False,31
453,40,17,40.72951496224949,-73.99075269699097,3263,1,In Service,False,59
454,6,7,40.7124188237569,-74.03852552175522,3267,1,In Service,False,14
455,8,5,40.71346382669195,-74.06285852193832,3268,1,In Service,False,14
456,2,12,40.72601172964625,-74.05038893222809,3269,1,In Service,False,14
457,6,6,40.72528910781132,-74.04557168483734,3270,1,In Service,False,14
458,5,8,40.72333158646436,-74.04595255851744,3272,1,In Service,False,14
459,11,7,40.721650724879986,-74.04288411140442,3273,1,In Service,False,18
460,4,9,40.71835519823214,-74.03891444206238,3275,1,In Service,False,14
461,16,9,40.71458403535893,-74.04281705617905,3276,1,In Service,False,26
462,8,6,40.71435836870427,-74.06661093235016,3277,1,In Service,False,14
463,4,10,40.72568548362901,-74.04879033565521,3278,1,In Service,False,14
464,12,6,40.721630142638354,-74.04996782541275,3279,1,In Service,False,18
465,8,6,40.71928220070702,-74.07126188278198,3280,1,In Service,False,14
466,8,6,40.74590996631558,-74.0572714805603,3281,1,In Service,False,14
467,27,7,40.78307,-73.95939,3282,1,In Service,False,38
468,1,45,40.7882213,-73.97041561,3283,1,In Service,False,47
469,8,30,40.781410700190015,-73.95595908164978,3284,1,In Service,False,38
470,2,41,40.78839,-73.9747,3285,1,In Service,False,43
471,0,0,40.7806284,-73.9521667,3286,3,Not In Service,False,0
472,18,21,40.778301,-73.9488134,3288,1,In Service,False,39
473,4,27,40.79017948095081,-73.97288918495178,3289,1,In Service,False,32
474,11,24,40.7779453,-73.946041,3290,1,In Service,False,35
475,40,3,40.7857851,-73.957481,3292,1,In Service,False,43
476,4,19,40.7921,-73.9739,3293,1,In Service,False,24
477,22,16,40.7835016,-73.955327,3294,1,In Service,False,38
478,5,52,40.79127,-73.964839,3295,1,In Service,False,59
479,11,31,40.782454175279874,-73.9489196240902,3296,1,In Service,False,42
480,5,16,40.6686627,-73.97988067,3297,1,In Service,False,21
481,22,1,40.686371,-73.99383324,3298,1,In Service,False,23
482,2,23,40.78813,-73.95206,3299,1,In Service,False,25
483,1,23,40.66514681533792,-73.97637605667114,3300,1,In Service,False,25
484,9,28,40.7919557,-73.968087,3301,1,In Service,False,39
485,0,22,40.7969347,-73.9643412291,3302,1,In Service,False,22
486,18,6,40.6849894,-73.99440329,3303,1,In Service,False,25
487,8,19,40.668127,-73.98377641,3304,1,In Service,False,27
488,7,32,40.78112229934166,-73.94965589046478,3305,1,In Service,False,39
489,2,20,40.6662078,-73.98199886,3306,1,In Service,False,23
490,0,31,40.7941654,-73.974124,3307,1,In Service,False,31
491,17,10,40.6861758,-73.99645295,3308,1,In Service,False,27
492,5,24,40.7859201,-73.94860294,3309,1,In Service,False,30
493,0,24,40.663779,-73.98396846,3310,1,In Service,False,24
494,16,4,40.68763155,-74.0016256,3311,1,In Service,False,21
495,5,32,40.7817212,-73.94594,3312,1,In Service,False,39
496,4,25,40.6663181,-73.9854617,3313,1,In Service,False,29
497,8,23,40.7937704,-73.971888,3314,1,In Service,False,32
498,19,4,40.6847514,-73.99917254,3315,1,In Service,False,23
499,18,6,40.6686273,-73.98700053,3317,1,In Service,False,24
500,15,23,40.7839636,-73.9471673,3318,1,In Service,False,39
501,13,8,40.666287,-73.98895053,3319,1,In Service,False,21
502,1,48,40.79406660818552,-73.96286845207214,3320,1,In Service,False,49
503,5,19,40.6831164,-73.99785267,3321,1,In Service,False,25
504,18,7,40.668603,-73.9904394,3322,1,In Service,False,25
505,1,56,40.7981856,-73.9605909006,3323,1,In Service,False,59
506,22,3,40.6685455,-73.99333264,3324,1,In Service,False,25
507,1,20,40.67434,-74.00194698,3326,1,In Service,False,21
508,3,24,40.7877214,-73.94728331,3327,1,In Service,False,27
509,3,36,40.795,-73.9645,3328,1,In Service,False,39
510,23,4,40.6829151,-73.99318208,3329,1,In Service,False,27
511,18,1,40.6725058,-74.00494695,3330,1,In Service,False,19
512,7,30,40.8013434,-73.9711457439,3331,1,In Service,False,39
513,17,0,40.681990442707026,-73.99079024791718,3332,1,In Service,False,19
514,20,1,40.6747055,-74.0075572,3333,1,In Service,False,21
515,0,4,40.6772744,-73.98282002,3335,3,Not In Service,False,16
516,7,34,40.787801,-73.953559,3336,1,In Service,False,41
517,23,0,40.67363551341504,-74.01195555925369,3337,1,In Service,False,23
518,5,26,40.7862586,-73.94552579,3338,1,In Service,False,31
519,6,12,40.6765304,-73.97846879,3339,1,In Service,False,23
520,21,0,40.6753274,-74.0100698,3340,1,In Service,False,21
521,0,41,40.795346,-73.96186,3341,1,In Service,False,41
522,9,13,40.6777748,-74.0094613,3342,1,In Service,False,23
523,0,23,40.7997568,-73.9621128676,3343,1,In Service,False,23
524,15,3,40.679043,-74.011169,3344,1,In Service,False,19
525,5,30,40.78948541553215,-73.95242929458618,3345,1,In Service,False,35
526,1,28,40.675146838709786,-73.97523209452629,3346,1,In Service,False,29
527,18,1,40.6773429,-74.01275056,3347,1,In Service,False,21
528,14,5,40.677236,-74.015665,3348,1,In Service,False,19
529,1,28,40.6729679,-73.97087984,3349,1,In Service,False,30
530,4,35,40.7973721,-73.97041192,3350,1,In Service,False,39
531,9,16,40.7869946,-73.94164802,3351,1,In Service,False,25
532,18,2,40.67267243410948,-74.0087952464819,3352,1,In Service,False,21
533,1,29,40.668132,-73.97363831,3354,1,In Service,False,31
534,5,20,40.76800889305947,-73.96845281124115,3355,1,In Service,False,25
535,15,6,40.7746671,-73.98470567,3356,1,In Service,False,21
536,5,29,40.8008363,-73.9664492472,3357,1,In Service,False,35
537,4,20,40.6711978,-73.97484126,3358,1,In Service,False,25
538,5,30,40.7691572,-73.96703464,3359,1,In Service,False,35
539,12,12,40.7829391,-73.9786517,3360,1,In Service,False,25
540,10,13,40.6740886,-73.9787282,3361,1,In Service,False,23
541,0,32,40.7781314,-73.96069399,3362,1,In Service,False,34
542,0,33,40.7904828,-73.95033068,3363,1,In Service,False,33
543,23,4,40.6751622,-73.9814832,3364,1,In Service,False,27
544,9,18,40.6703837,-73.97839676,3365,1,In Service,False,27
545,2,29,40.8021174,-73.9681805305,3366,1,In Service,False,31
546,3,34,40.7922553,-73.95249933,3367,1,In Service,False,39
547,21,8,40.6728155,-73.98352355,3368,1,In Service,False,30
548,4,25,40.7724607,-73.9468208,3369,1,In Service,False,29
549,0,25,40.7727966,-73.95577801,3370,1,In Service,False,25
550,23,3,40.674613422475815,-73.98501142859459,3371,1,In Service,False,27
551,6,33,40.7689738,-73.95482273,3372,1,In Service,False,39
552,25,2,40.6750705,-73.98775226,3373,1,In Service,False,27
553,7,22,40.799484,-73.955613,3374,1,In Service,False,36
554,4,31,40.7699426,-73.96060712,3375,1,In Service,False,35
555,3,36,40.76471851944339,-73.96222069859505,3376,1,In Service,False,39
556,25,0,40.6786115,-73.99037292,3377,1,In Service,False,25
557,3,25,40.773763,-73.96222088,3378,1,In Service,False,28
558,3,32,40.7903051,-73.94755757,3379,1,In Service,False,35
559,20,1,40.6777287,-73.99364123,3381,1,In Service,False,21
560,22,8,40.680611,-73.99475825,3382,1,In Service,False,31
561,2,22,40.804213,-73.96699104,3383,1,In Service,False,25
562,9,16,40.6787242,-73.99599099,3384,1,In Service,False,25
563,7,18,40.6809591,-73.99905709,3386,1,In Service,False,27
564,3,21,40.7934337,-73.94945003,3387,1,In Service,False,25
565,17,8,40.6828003,-73.99990419,3388,1,In Service,False,25
566,24,1,40.6830456,-74.00348559,3389,1,In Service,False,28
567,6,18,40.79329668,-73.9432083,3390,1,In Service,False,24
568,9,16,40.7892529,-73.93956237,3391,1,In Service,False,25
569,6,13,40.6812117,-74.00860912,3392,1,In Service,False,19
570,12,7,40.6794327,-74.00785041,3393,1,In Service,False,19
571,3,18,40.6769993,-74.00647134,3394,1,In Service,False,21
572,6,18,40.6783563,-74.00014502,3396,1,In Service,False,25
573,7,15,40.6763947,-73.99869893,3397,1,In Service,False,25
574,14,9,40.6746957,-73.99785768,3398,1,In Service,False,23
575,21,3,40.67260298150126,-73.98983001708984,3399,1,In Service,False,24
576,1,22,40.7961535,-73.94782145,3400,1,In Service,False,24
577,16,3,40.6724811,-73.99331394,3401,1,In Service,False,19
578,20,1,40.6902375,-73.99203074,3402,1,In Service,False,23
579,24,6,40.6705135,-73.98876585,3403,1,In Service,False,31
580,23,3,40.6704922,-73.98541675,3404,1,In Service,False,27
581,5,17,40.6704836,-73.98208968,3405,1,In Service,False,23
582,19,1,40.67909799721684,-73.98765474557877,3407,1,In Service,False,23
583,16,10,40.6881529,-73.99520919,3408,1,In Service,False,27
584,30,4,40.6867443,-73.99063168,3409,1,In Service,False,35
585,29,0,40.6864442,-73.98759104,3410,1,In Service,False,31
586,16,10,40.6849668,-73.98620772,3411,1,In Service,False,27
587,1,16,40.6853761,-73.98302136,3412,1,In Service,False,18
588,19,3,40.6827549,-73.98258555,3413,1,In Service,False,22
589,14,18,40.680944723477296,-73.97567331790923,3414,1,In Service,False,33
590,0,25,40.6793307,-73.97519523,3415,1,In Service,False,25
591,24,3,40.6795766,-73.97854971,3417,1,In Service,False,27
592,1,31,40.6750207,-73.97111473,3418,1,In Service,False,33
593,20,5,40.6792788,-73.98154004,3419,1,In Service,False,27
594,21,0,40.6802133,-73.98432695,3420,1,In Service,False,21
595,23,0,40.6843549,-73.98901629,3421,1,In Service,False,23
596,19,1,40.6859296,-74.00242364,3422,1,In Service,False,21
597,13,16,40.6610633719006,-73.97945255041122,3423,1,In Service,False,29
598,10,16,40.791976,-73.945993,3424,1,In Service,False,27
599,2,31,40.7892105,-73.94370784,3425,1,In Service,False,33
600,10,29,40.72430527250332,-73.99600982666016,3427,1,In Service,False,40
601,31,5,40.68506807308177,-73.97790759801863,3429,1,In Service,False,39
602,5,13,40.71907891179564,-73.94223690032959,3430,1,In Service,False,19
603,1,22,40.746524,-73.977885,3431,1,In Service,False,23
604,12,23,40.79025417330419,-73.97718340158461,3434,1,In Service,False,35
605,18,27,40.718822,-73.99596,3435,1,In Service,False,45
606,20,17,40.79313480986663,-73.97700369358063,3437,1,In Service,False,39
607,0,31,40.772248537721744,-73.95842134952545,3438,1,In Service,False,31
608,13,29,40.692418292578466,-73.98949474096298,3440,1,In Service,False,43
609,1,39,40.76132983124814,-73.97982001304626,3443,1,In Service,False,41
610,9,9,40.721462562298164,-73.94800901412964,3449,1,In Service,False,18
611,6,35,40.71915571696044,-73.94885390996933,3452,1,In Service,False,43
612,1,18,40.71335226222875,-73.9491033554077,3453,1,In Service,False,19
613,5,19,40.7103685423523,-73.94705951213837,3454,1,In Service,False,24
614,5,17,40.71638031973561,-73.94821286201477,3456,1,In Service,False,22
615,4,41,40.76302594280519,-73.97209525108337,3457,1,In Service,False,46
616,4,36,40.76309387270797,-73.9783501625061,3458,1,In Service,False,40
617,0,34,40.75763227739443,-73.96930575370789,3459,1,In Service,False,34
618,17,16,40.714851505262516,-74.01122331619263,3461,1,In Service,False,33
619,2,37,40.75118387463277,-73.97138714790344,3462,1,In Service,False,39
620,5,31,40.735367055605394,-73.98797392845154,3463,1,In Service,False,37
621,2,30,40.75668720603179,-73.98257732391357,3466,1,In Service,False,34
622,30,11,40.72494672359416,-74.00165855884552,3467,1,In Service,False,42
623,12,11,40.73181401720966,-73.95995020866394,3469,1,In Service,False,23
624,24,15,40.742753828659026,-74.00747358798981,3472,1,In Service,False,39
625,0,32,40.7252556952547,-74.00412082672119,3474,1,In Service,False,36
626,24,9,40.65539977447831,-74.01062786579132,3477,1,In Service,False,33
627,36,5,40.65708866668485,-74.00870203971863,3478,1,In Service,False,43
628,30,13,40.68512559515415,-74.02535319328308,3479,1,In Service,False,45
629,13,8,40.71649,-74.04105,3481,1,In Service,False,22
630,5,9,40.71942,-74.05099,3483,1,In Service,False,14
631,14,15,40.688417427540834,-73.98451656103134,3486,1,In Service,False,30
632,14,17,40.71069994631387,-74.00354146957397,3489,1,In Service,False,31
633,14,15,40.796879,-73.937261,3490,1,In Service,False,31
634,17,6,40.79747,-73.93504,3491,1,In Service,False,24
635,4,23,40.8005385,-73.9419949,3492,1,In Service,False,27
636,12,18,40.799139,-73.9389152,3493,1,In Service,False,31
637,10,15,40.797911,-73.9423,3494,1,In Service,False,25
638,21,5,40.7945663,-73.9362541,3495,1,In Service,False,26
639,19,5,40.7923272,-73.9383,3496,1,In Service,False,25
640,19,3,40.7949879,-73.9333349,3497,1,In Service,False,23
641,11,9,40.7974772,-73.9311847,3498,1,In Service,False,21
642,8,16,40.8006721,-73.9349,3499,1,In Service,False,25
643,2,28,40.7989445,-73.944846,3500,1,In Service,False,31
644,1,27,40.8014866,-73.9442507,3501,1,In Service,False,29
645,1,28,40.7954121,-73.9441232,3502,1,In Service,False,29
646,7,23,40.80295,-73.942954,3503,1,In Service,False,30
647,3,23,40.8029263,-73.9379,3504,1,In Service,False,27
648,5,28,40.805726,-73.936322,3505,1,In Service,False,33
649,6,23,40.8013066,-73.9398167,3506,1,In Service,False,29
650,0,36,40.8045555,-73.9396861,3507,1,In Service,False,36
651,26,3,40.809725,-73.953149,3508,1,In Service,False,31
652,16,15,40.8011939,-73.9500739,3509,1,In Service,False,31
653,7,24,40.8078316,-73.949373,3510,1,In Service,False,31
654,2,19,40.802535,-73.9532423,3511,1,In Service,False,22
655,14,5,40.7747175,-73.9337894,3512,1,In Service,False,19
656,18,3,40.774645,-73.923706,3513,1,In Service,False,21
657,20,3,40.7767,-73.927631,3514,1,In Service,False,23
658,4,15,40.774591,-73.918544,3515,1,In Service,False,19
659,0,31,40.7699176,-73.9184057,3516,1,In Service,False,31
660,0,32,40.7711528,-73.9170074,3517,1,In Service,False,35
661,3,30,40.808442,-73.9452087,3518,1,In Service,False,34
662,0,0,40.764258,-73.911239,3519,3,Not In Service,False,0
663,9,18,40.804372,-73.951475,3520,1,In Service,False,27
664,5,30,40.7987859,-73.9523,3521,1,In Service,False,36
665,7,12,40.7701477,-73.9120938,3522,1,In Service,False,19
666,2,22,40.7729,-73.916142,3523,1,In Service,False,25
667,16,4,40.7774552,-73.9225403,3524,1,In Service,False,23
668,0,21,40.776165,-73.9153175,3525,1,In Service,False,21
669,4,23,40.7747878,-73.9125551,3526,1,In Service,False,27
670,2,25,40.80698,-73.941747,3527,1,In Service,False,27
671,8,13,40.7713937,-73.9077436,3528,1,In Service,False,21
672,1,24,40.8107922,-73.9430681,3529,1,In Service,False,25
673,2,17,40.7787185,-73.9145645,3530,1,In Service,False,19
674,7,18,40.8125511,-73.9492286,3531,1,In Service,False,27
675,15,12,40.78145,-73.9183302,3532,1,In Service,False,27
676,9,24,40.8114323,-73.9518776,3533,1,In Service,False,34
677,2,37,40.805159,-73.954692,3534,1,In Service,False,39
678,0,26,40.804038,-73.945925,3535,1,In Service,False,27
679,2,41,40.8082,-73.9641,3536,1,In Service,False,43
680,4,24,40.6809741,-73.9710097,3537,1,In Service,False,29
681,1,44,40.802692,-73.96295,3538,1,In Service,False,45
682,2,41,40.8067581,-73.9607082,3539,1,In Service,False,43
683,20,15,40.81,-73.9551508,3540,1,In Service,False,35
684,39,0,40.813358,-73.956461,3541,1,In Service,False,39
685,2,26,40.8086249,-73.9596214,3542,1,In Service,False,29
686,0,35,40.81028506306003,-73.95736455917358,3543,3,Not In Service,False,35
687,3,24,40.6804836,-73.9646795,3544,1,In Service,False,27
688,0,31,40.8120562,-73.9612547,3545,1,In Service,False,33
689,0,21,40.6791944,-73.9587903,3546,1,In Service,False,21
690,35,5,40.8143256,-73.9590255,3547,1,In Service,False,41
691,4,19,40.678045,-73.962408,3549,1,In Service,False,25
692,4,19,40.795508,-73.941606,3551,1,In Service,False,23
693,0,38,40.805973,-73.964928,3552,1,In Service,False,39
694,4,33,40.801694,-73.957145,3553,1,In Service,False,37
695,4,22,40.7552433,-73.9485678,3554,1,In Service,False,27
696,0,26,40.751047,-73.93797,3555,1,In Service,False,27
697,1,17,40.7527085,-73.9397405,3556,1,In Service,False,19
698,6,12,40.75742,-73.945133,3557,1,In Service,False,19
699,12,14,40.6794388,-73.9680438,3558,1,In Service,False,27
700,2,17,40.7576314,-73.9391224,3559,1,In Service,False,19
701,3,15,40.754876,-73.934326,3560,1,In Service,False,19
702,2,23,40.7531106,-73.9279917,3561,1,In Service,False,26
703,1,24,40.6765198,-73.9596082,3562,1,In Service,False,27
704,1,20,40.757186,-73.932719,3563,1,In Service,False,21
705,8,10,40.7601853,-73.9362726,3564,1,In Service,False,19
706,3,15,40.7614376,-73.9411265,3565,1,In Service,False,19
707,0,24,40.7596276,-73.9321455,3566,1,In Service,False,25
708,5,14,40.7627442,-73.9391141,3567,1,In Service,False,19
709,5,16,40.7569332,-73.9262231,3568,1,In Service,False,21
710,2,26,40.6758324,-73.9561677,3569,1,In Service,False,29
711,10,19,40.7557327,-73.9236611,3570,1,In Service,False,31
712,1,23,40.676368,-73.952918,3571,1,In Service,False,24
713,16,17,40.756913,-73.921631,3572,1,In Service,False,33
714,11,13,40.7580583,-73.9242751,3573,1,In Service,False,25
715,1,21,40.6769694,-73.96579,3574,1,In Service,False,23
716,0,19,40.76108,-73.930562,3575,1,In Service,False,19
717,0,25,40.6767,-73.969024,3576,1,In Service,False,27
718,0,23,40.7628138,-73.9342862,3577,1,In Service,False,23
719,3,18,40.6741806,-73.9564947,3578,1,In Service,False,21
720,0,23,40.672695,-73.954131,3579,1,In Service,False,25
721,4,25,40.6737236,-73.9631611,3580,1,In Service,False,30
722,9,18,40.6740123,-73.9671457,3581,1,In Service,False,27
723,0,28,40.6721683,-73.9609,3582,1,In Service,False,28
724,5,23,40.6716493,-73.9631145,3583,1,In Service,False,31
725,4,38,40.6707767,-73.9576801,3584,1,In Service,False,42
726,0,24,40.6691783,-73.9554162,3585,1,In Service,False,24
727,10,9,40.7638753,-73.9364848,3586,1,In Service,False,19
728,5,20,40.6686744,-73.9618148,3587,1,In Service,False,27
729,18,3,40.7671863,-73.9373554,3588,1,In Service,False,21
730,15,3,40.7668,-73.9347774,3589,1,In Service,False,19
731,4,15,40.6679411,-73.9588,3590,1,In Service,False,19
732,7,13,40.7659,-73.930819,3591,1,In Service,False,21
733,4,15,40.7633589,-73.9286471,3592,1,In Service,False,19
734,5,30,40.761584,-73.925921,3593,1,In Service,False,35
735,10,6,40.760339,-73.9222427,3595,1,In Service,False,18
736,17,1,40.6642406,-73.9574686,3596,1,In Service,False,19
737,20,4,40.7577284,-73.9166368,3597,1,In Service,False,25
738,18,1,40.7595701,-73.9142678,3598,1,In Service,False,19
739,18,9,40.66314,-73.9605695,3599,1,In Service,False,27
740,18,0,40.6627059,-73.9569115,3601,1,In Service,False,19
741,10,13,40.763154,-73.920827,3602,1,In Service,False,23
742,4,17,40.7647,-73.9240312,3603,1,In Service,False,21
743,12,5,40.6630619,-73.9538746,3604,1,In Service,False,17
744,3,18,40.7658346,-73.9265474,3605,1,In Service,False,21
745,4,17,40.74252,-73.948852,3606,1,In Service,False,21
746,8,10,40.7682,-73.9322662,3607,1,In Service,False,19
747,1,20,40.7423737,-73.9566,3608,1,In Service,False,21
748,14,9,40.7692475,-73.9354504,3609,1,In Service,False,23
749,11,16,40.770845,-73.934171,3610,1,In Service,False,27
750,3,28,40.7449067,-73.9534573,3611,1,In Service,False,31
751,6,9,40.7703743,-73.9286078,3612,1,In Service,False,15
752,12,14,40.745038,-73.957539,3613,1,In Service,False,27
753,2,20,40.768692,-73.9249574,3614,1,In Service,False,23
754,0,21,40.748,-73.9460927,3615,1,In Service,False,21
755,0,25,40.7656251,-73.9136695,3616,1,In Service,False,25
756,1,21,40.7671,-73.9169858,3617,1,In Service,False,22
757,0,25,40.7485,-73.941275,3618,1,In Service,False,25
758,2,17,40.7713615,-73.9246145,3619,1,In Service,False,19
759,5,18,40.7519071,-73.9479119,3620,1,In Service,False,23
760,5,14,40.7739825,-73.9309134,3621,1,In Service,False,19
761,10,5,40.80756,-73.939182,3622,1,In Service,False,15
762,1,37,40.8109494,-73.9634,3623,1,In Service,False,39
763,0,22,40.7525758,-73.9364281,3625,1,In Service,False,22
764,11,19,40.8025566,-73.9490782,3628,1,In Service,False,31
765,5,26,40.809495347779475,-73.94776493310928,3629,1,In Service,False,33
766,0,0,40.8038654,-73.9559308,3630,3,Not In Service,False,0
767,20,6,40.666563,-73.956741,3631,1,In Service,False,27
768,7,25,40.728048571362606,-73.97881150245667,3632,1,In Service,False,33
769,0,0,40.75462324029105,-73.99516761302948,3635,3,Not In Service,False,0
770,7,23,40.683238654603414,-73.96599590778351,3637,1,In Service,False,31
771,18,0,40.7242941,-74.0354826,3638,1,In Service,False,18
772,0,29,40.7192517,-74.034234,3639,1,In Service,False,30
773,9,9,40.73367,-74.0625,3640,1,In Service,False,18
774,13,40,40.74286877312112,-73.98918628692627,3641,1,In Service,False,54
775,5,21,40.76315481910373,-73.93985509872437,3646,1,In Service,False,26
776,10,13,40.74128309355993,-73.93725872039794,3647,1,In Service,False,23
777,24,0,40.697950315695444,-73.97077560424805,3648,1,In Service,False,25
778,6,23,40.814394437915816,-73.95324736833572,3649,1,In Service,False,30
779,5,11,40.75820464696758,-73.92832159996033,3653,1,In Service,False,19
780,2,32,40.75186951421875,-73.93349289894103,3654,1,In Service,False,35
781,13,16,40.72307749068673,-73.98583620786667,3656,1,In Service,False,31
782,15,12,40.7435337324616,-74.00367558002472,3658,1,In Service,False,27
783,19,5,40.74294891660091,-74.00413691997528,3659,1,In Service,False,25
784,4,32,40.741021509002664,-74.001384973526,3660,1,In Service,False,39
785,17,2,40.666439306870814,-73.9605563879013,3661,1,In Service,False,19
786,10,10,40.761293897289086,-73.916916847229,3662,1,In Service,False,21
787,2,21,40.67716489469059,-73.973827958107,3663,1,In Service,False,25
788,10,17,40.72019521437465,-74.0103006362915,3664,1,In Service,False,30
789,2,32,40.766425527028794,-73.92062902450562,3666,1,In Service,False,35
790,5,21,40.7239567849954,-73.94984364509583,3668,1,In Service,False,26
791,8,11,40.67630357634183,-74.00314047932625,3669,1,In Service,False,19
792,0,37,40.774779448957275,-73.95427465438843,3671,1,In Service,False,37
793,5,16,40.67759206937376,-73.955637216568,3673,1,In Service,False,21
794,26,1,40.701403172577244,-73.98672670125961,3674,1,In Service,False,27
795,8,23,40.784596798848916,-73.94968539476395,3675,1,In Service,False,31
796,21,2,40.6758329439129,-74.01472628116608,3676,1,In Service,False,24
797,10,8,40.72755146730012,-74.07106071710587,3677,1,In Service,False,18
798,9,9,40.72572613742557,-74.07195925712585,3678,1,In Service,False,18
799,8,6,40.722103786686034,-74.07145500183105,3679,1,In Service,False,14
800,5,48,40.754120810779256,-73.98025184869766,3680,1,In Service,False,55
801,8,10,40.71517767732029,-74.03768330812454,3681,1,In Service,False,18
802,13,30,40.73756121181137,-74.00398269295692,3684,1,In Service,False,43
803,8,27,40.739448201304036,-74.00507032871246,3686,1,In Service,False,39
804,0,58,40.74322681432173,-73.97449783980846,3687,1,In Service,False,59
805,1,28,40.757920208794026,-73.96638214588165,3688,1,In Service,False,29
806,6,38,40.799041392882984,-73.96649479866028,3689,1,In Service,False,47
807,2,33,40.71334184275907,-74.00935515761375,3690,1,In Service,False,36
808,0,17,40.76408932350688,-73.91065120697021,3691,1,In Service,False,19
809,11,4,40.699997484388504,-73.97440128028393,3692,1,In Service,False,15
810,22,5,40.72248188638219,-73.95921930670738,3693,1,In Service,False,27
811,12,6,40.71113,-74.0789,3694,1,In Service,False,18
812,8,28,40.72686951528207,-73.98919031023979,3695,1,In Service,False,39
813,10,30,40.77515953434235,-73.98918695747852,3697,1,In Service,False,43
814,0,29,40.763604677958625,-73.98917958140373,3699,1,In Service,False,30
815,1,38,40.77940608529787,-73.95333588123322,3700,1,In Service,False,39
816,22,14,40.70831794366396,-74.00504082441329,3701,1,In Service,False,37
817,0,6,40.7437524099784,-73.94176483154297,3704,1,In Service,False,19
818,13,16,40.72840059450829,-73.99968780577183,3705,1,In Service,False,35
